{"cameraMode":{"drawMode":0,"name":"Shaded","section":"Shading Mode"},"sceneLighting":true,"audioPlay":false,"sceneViewState":{"showFog":true,"showMaterialUpdate":false,"showSkybox":true,"showFlares":true,"showImageEffects":true,"showParticleSystems":true},"in2DMode":false,"pivot":{"x":0.0,"y":0.04520304873585701,"z":0.20500001311302186},"rotation":{"x":-0.21006424725055695,"y":0.6276646256446838,"z":-0.18121139705181123,"w":-0.727437436580658},"size":0.21131259202957154,"orthographic":false}