{"cameraMode":{"drawMode":0,"name":"Shaded","section":"Shading Mode"},"sceneLighting":true,"audioPlay":false,"sceneViewState":{"showFog":true,"showMaterialUpdate":false,"showSkybox":true,"showFlares":true,"showImageEffects":true,"showParticleSystems":true},"in2DMode":false,"pivot":{"x":0.14310473203659059,"y":0.035571321845054629,"z":-0.0011011455208063126},"rotation":{"x":0.13425832986831666,"y":-0.5469458699226379,"z":0.08938895165920258,"w":0.8214919567108154},"size":0.3277653157711029,"orthographic":false}